{
  "games": [
    {
      "gamename": "Titanfall",
      "gameauthor": "Respawn",
      "gameprice": "1299",
      "gametags": "FPS",
      "forkids": true,
      "gamedesc": "Titanfall is a series of video games that mainly feature first-person shooter games",
      "gamerating": "5",
      "id": 1
    },
    {
      "gamename": "dsfd",
      "gameauthor": "fsdf",
      "gameprice": "23124",
      "gametags": "dfsdsf",
      "forkids": false,
      "gamedesc": "",
      "gamerating": "3",
      "id": 2
    },
    {
      "gamename": "fsdfad",
      "gameauthor": "dfsd",
      "gameprice": "23434",
      "gametags": "dsfsd",
      "forkids": false,
      "gamedesc": "",
      "gamerating": "5",
      "id": 3
    },
    {
      "gamename": "fsdfad",
      "gameauthor": "dfsd",
      "gameprice": "23434",
      "gametags": "dsfsd",
      "forkids": false,
      "gamedesc": "",
      "gamerating": "5",
      "id": 4
    },
    {
      "gamename": "",
      "gameauthor": "",
      "gameprice": "",
      "gametags": "",
      "forkids": false,
      "gamedesc": "",
      "gamerating": "",
      "id": 5
    }
  ]
}